"ego_id","alter_id","ego_section","alter_section"
1,47,"SP25-MSBR-70340-02","SP25-MSBR-70340-01"
1,28,"SP25-MSBR-70340-02","SP25-MSBR-70340-02"
1,22,"SP25-MSBR-70340-02","SP25-MSBR-70340-02"
1,53,"SP25-MSBR-70340-02","SP25-MSBR-70340-02"
1,52,"SP25-MSBR-70340-02","SP25-MSBR-70340-02"
1,56,"SP25-MSBR-70340-02","SP25-MSBR-70340-02"
1,1,"SP25-MSBR-70340-02","SP25-MSBR-70340-02"
1,4,"SP25-MSBR-70340-02","SP25-MSBR-70340-01"
1,25,"SP25-MSBR-70340-02","SP25-MSBR-70340-02"
1,31,"SP25-MSBR-70340-02","SP25-MSBR-70340-01"
2,7,"SP25-MSBR-70340-02","SP25-MSBR-70340-02"
2,62,"SP25-MSBR-70340-02","SP25-MSBR-70340-02"
3,45,"SP25-MSBR-70340-02","SP25-MSBR-70340-02"
3,29,"SP25-MSBR-70340-02","SP25-MSBR-70340-01"
3,21,"SP25-MSBR-70340-02","SP25-MSBR-70340-02"
3,2,"SP25-MSBR-70340-02","SP25-MSBR-70340-02"
3,16,"SP25-MSBR-70340-02","SP25-MSBR-70340-02"
3,41,"SP25-MSBR-70340-02","SP25-MSBR-70340-02"
3,55,"SP25-MSBR-70340-02","SP25-MSBR-70340-02"
3,60,"SP25-MSBR-70340-02","SP25-MSBR-70340-02"
3,39,"SP25-MSBR-70340-02","SP25-MSBR-70340-02"
3,53,"SP25-MSBR-70340-02","SP25-MSBR-70340-02"
3,61,"SP25-MSBR-70340-02","SP25-MSBR-70340-02"
3,52,"SP25-MSBR-70340-02","SP25-MSBR-70340-02"
3,32,"SP25-MSBR-70340-02","SP25-MSBR-70340-02"
3,7,"SP25-MSBR-70340-02","SP25-MSBR-70340-02"
3,33,"SP25-MSBR-70340-02","SP25-MSBR-70340-02"
3,1,"SP25-MSBR-70340-02","SP25-MSBR-70340-02"
3,34,"SP25-MSBR-70340-02","SP25-MSBR-70340-02"
3,25,"SP25-MSBR-70340-02","SP25-MSBR-70340-02"
3,67,"SP25-MSBR-70340-02","SP25-MSBR-70340-02"
3,20,"SP25-MSBR-70340-02","SP25-MSBR-70340-02"
3,30,"SP25-MSBR-70340-02","SP25-MSBR-70340-02"
3,69,"SP25-MSBR-70340-02","SP25-MSBR-70340-02"
3,62,"SP25-MSBR-70340-02","SP25-MSBR-70340-02"
4,6,"SP25-MSBR-70340-01","SP25-MSBR-70340-01"
4,47,"SP25-MSBR-70340-01","SP25-MSBR-70340-01"
4,14,"SP25-MSBR-70340-01","SP25-MSBR-70340-01"
4,64,"SP25-MSBR-70340-01","SP25-MSBR-70340-01"
4,15,"SP25-MSBR-70340-01","SP25-MSBR-70340-01"
4,65,"SP25-MSBR-70340-01","SP25-MSBR-70340-02"
4,26,"SP25-MSBR-70340-01","SP25-MSBR-70340-01"
4,66,"SP25-MSBR-70340-01","SP25-MSBR-70340-01"
4,68,"SP25-MSBR-70340-01","SP25-MSBR-70340-01"
4,53,"SP25-MSBR-70340-01","SP25-MSBR-70340-02"
4,61,"SP25-MSBR-70340-01","SP25-MSBR-70340-02"
4,52,"SP25-MSBR-70340-01","SP25-MSBR-70340-02"
4,23,"SP25-MSBR-70340-01","SP25-MSBR-70340-01"
4,1,"SP25-MSBR-70340-01","SP25-MSBR-70340-02"
4,48,"SP25-MSBR-70340-01","SP25-MSBR-70340-01"
4,36,"SP25-MSBR-70340-01","SP25-MSBR-70340-01"
4,20,"SP25-MSBR-70340-01","SP25-MSBR-70340-02"
5,51,"SP25-MSBR-70340-01","SP25-MSBR-70340-01"
5,24,"SP25-MSBR-70340-01","SP25-MSBR-70340-01"
5,12,"SP25-MSBR-70340-01","SP25-MSBR-70340-01"
5,19,"SP25-MSBR-70340-01","SP25-MSBR-70340-01"
5,49,"SP25-MSBR-70340-01","SP25-MSBR-70340-01"
5,10,"SP25-MSBR-70340-01","SP25-MSBR-70340-01"
5,34,"SP25-MSBR-70340-01","SP25-MSBR-70340-02"
5,43,"SP25-MSBR-70340-01","SP25-MSBR-70340-01"
5,30,"SP25-MSBR-70340-01","SP25-MSBR-70340-02"
6,47,"SP25-MSBR-70340-01","SP25-MSBR-70340-01"
6,14,"SP25-MSBR-70340-01","SP25-MSBR-70340-01"
6,15,"SP25-MSBR-70340-01","SP25-MSBR-70340-01"
6,8,"SP25-MSBR-70340-01","SP25-MSBR-70340-01"
6,26,"SP25-MSBR-70340-01","SP25-MSBR-70340-01"
6,2,"SP25-MSBR-70340-01","SP25-MSBR-70340-02"
6,49,"SP25-MSBR-70340-01","SP25-MSBR-70340-01"
6,18,"SP25-MSBR-70340-01","SP25-MSBR-70340-01"
6,3,"SP25-MSBR-70340-01","SP25-MSBR-70340-02"
6,66,"SP25-MSBR-70340-01","SP25-MSBR-70340-01"
6,22,"SP25-MSBR-70340-01","SP25-MSBR-70340-02"
6,41,"SP25-MSBR-70340-01","SP25-MSBR-70340-02"
6,61,"SP25-MSBR-70340-01","SP25-MSBR-70340-02"
6,52,"SP25-MSBR-70340-01","SP25-MSBR-70340-02"
6,56,"SP25-MSBR-70340-01","SP25-MSBR-70340-02"
6,33,"SP25-MSBR-70340-01","SP25-MSBR-70340-02"
6,1,"SP25-MSBR-70340-01","SP25-MSBR-70340-02"
6,4,"SP25-MSBR-70340-01","SP25-MSBR-70340-01"
6,48,"SP25-MSBR-70340-01","SP25-MSBR-70340-01"
6,25,"SP25-MSBR-70340-01","SP25-MSBR-70340-02"
6,20,"SP25-MSBR-70340-01","SP25-MSBR-70340-02"
6,62,"SP25-MSBR-70340-01","SP25-MSBR-70340-02"
7,29,"SP25-MSBR-70340-02","SP25-MSBR-70340-01"
7,21,"SP25-MSBR-70340-02","SP25-MSBR-70340-02"
7,2,"SP25-MSBR-70340-02","SP25-MSBR-70340-02"
7,3,"SP25-MSBR-70340-02","SP25-MSBR-70340-02"
7,42,"SP25-MSBR-70340-02","SP25-MSBR-70340-02"
7,39,"SP25-MSBR-70340-02","SP25-MSBR-70340-02"
7,61,"SP25-MSBR-70340-02","SP25-MSBR-70340-02"
7,32,"SP25-MSBR-70340-02","SP25-MSBR-70340-02"
8,49,"SP25-MSBR-70340-01","SP25-MSBR-70340-01"
8,68,"SP25-MSBR-70340-01","SP25-MSBR-70340-01"
8,38,"SP25-MSBR-70340-01","SP25-MSBR-70340-01"
8,17,"SP25-MSBR-70340-01","SP25-MSBR-70340-01"
8,23,"SP25-MSBR-70340-01","SP25-MSBR-70340-01"
8,48,"SP25-MSBR-70340-01","SP25-MSBR-70340-01"
8,36,"SP25-MSBR-70340-01","SP25-MSBR-70340-01"
9,9,"SP25-MSBR-70340-01","SP25-MSBR-70340-01"
9,24,"SP25-MSBR-70340-01","SP25-MSBR-70340-01"
9,57,"SP25-MSBR-70340-01","SP25-MSBR-70340-01"
9,37,"SP25-MSBR-70340-01","SP25-MSBR-70340-01"
9,29,"SP25-MSBR-70340-01","SP25-MSBR-70340-01"
9,58,"SP25-MSBR-70340-01","SP25-MSBR-70340-01"
9,19,"SP25-MSBR-70340-01","SP25-MSBR-70340-01"
9,21,"SP25-MSBR-70340-01","SP25-MSBR-70340-02"
9,49,"SP25-MSBR-70340-01","SP25-MSBR-70340-01"
9,18,"SP25-MSBR-70340-01","SP25-MSBR-70340-01"
9,54,"SP25-MSBR-70340-01","SP25-MSBR-70340-01"
9,61,"SP25-MSBR-70340-01","SP25-MSBR-70340-02"
9,34,"SP25-MSBR-70340-01","SP25-MSBR-70340-02"
9,46,"SP25-MSBR-70340-01","SP25-MSBR-70340-01"
9,46,"SP25-MSBR-70340-01","SP25-MSBR-70340-01"
10,5,"SP25-MSBR-70340-01","SP25-MSBR-70340-01"
10,51,"SP25-MSBR-70340-01","SP25-MSBR-70340-01"
10,12,"SP25-MSBR-70340-01","SP25-MSBR-70340-01"
10,44,"SP25-MSBR-70340-01","SP25-MSBR-70340-01"
10,29,"SP25-MSBR-70340-01","SP25-MSBR-70340-01"
10,2,"SP25-MSBR-70340-01","SP25-MSBR-70340-02"
10,42,"SP25-MSBR-70340-01","SP25-MSBR-70340-02"
10,52,"SP25-MSBR-70340-01","SP25-MSBR-70340-02"
10,56,"SP25-MSBR-70340-01","SP25-MSBR-70340-02"
10,34,"SP25-MSBR-70340-01","SP25-MSBR-70340-02"
10,59,"SP25-MSBR-70340-01","SP25-MSBR-70340-02"
10,30,"SP25-MSBR-70340-01","SP25-MSBR-70340-02"
11,63,"SP25-MSBR-70340-01","SP25-MSBR-70340-01"
11,12,"SP25-MSBR-70340-01","SP25-MSBR-70340-01"
11,37,"SP25-MSBR-70340-01","SP25-MSBR-70340-01"
11,58,"SP25-MSBR-70340-01","SP25-MSBR-70340-01"
11,19,"SP25-MSBR-70340-01","SP25-MSBR-70340-01"
11,21,"SP25-MSBR-70340-01","SP25-MSBR-70340-02"
11,49,"SP25-MSBR-70340-01","SP25-MSBR-70340-01"
11,50,"SP25-MSBR-70340-01","SP25-MSBR-70340-01"
11,46,"SP25-MSBR-70340-01","SP25-MSBR-70340-01"
11,4,"SP25-MSBR-70340-01","SP25-MSBR-70340-01"
11,48,"SP25-MSBR-70340-01","SP25-MSBR-70340-01"
11,20,"SP25-MSBR-70340-01","SP25-MSBR-70340-02"
12,5,"SP25-MSBR-70340-01","SP25-MSBR-70340-01"
12,51,"SP25-MSBR-70340-01","SP25-MSBR-70340-01"
12,11,"SP25-MSBR-70340-01","SP25-MSBR-70340-01"
12,44,"SP25-MSBR-70340-01","SP25-MSBR-70340-01"
12,58,"SP25-MSBR-70340-01","SP25-MSBR-70340-01"
12,19,"SP25-MSBR-70340-01","SP25-MSBR-70340-01"
12,21,"SP25-MSBR-70340-01","SP25-MSBR-70340-02"
12,2,"SP25-MSBR-70340-01","SP25-MSBR-70340-02"
12,49,"SP25-MSBR-70340-01","SP25-MSBR-70340-01"
12,42,"SP25-MSBR-70340-01","SP25-MSBR-70340-02"
12,10,"SP25-MSBR-70340-01","SP25-MSBR-70340-01"
12,17,"SP25-MSBR-70340-01","SP25-MSBR-70340-01"
12,7,"SP25-MSBR-70340-01","SP25-MSBR-70340-02"
12,34,"SP25-MSBR-70340-01","SP25-MSBR-70340-02"
13,63,"SP25-MSBR-70340-01","SP25-MSBR-70340-01"
13,9,"SP25-MSBR-70340-01","SP25-MSBR-70340-01"
13,35,"SP25-MSBR-70340-01","SP25-MSBR-70340-01"
13,64,"SP25-MSBR-70340-01","SP25-MSBR-70340-01"
13,15,"SP25-MSBR-70340-01","SP25-MSBR-70340-01"
13,58,"SP25-MSBR-70340-01","SP25-MSBR-70340-01"
13,18,"SP25-MSBR-70340-01","SP25-MSBR-70340-01"
13,46,"SP25-MSBR-70340-01","SP25-MSBR-70340-01"
13,48,"SP25-MSBR-70340-01","SP25-MSBR-70340-01"
14,6,"SP25-MSBR-70340-01","SP25-MSBR-70340-01"
14,47,"SP25-MSBR-70340-01","SP25-MSBR-70340-01"
14,35,"SP25-MSBR-70340-01","SP25-MSBR-70340-01"
14,44,"SP25-MSBR-70340-01","SP25-MSBR-70340-01"
14,15,"SP25-MSBR-70340-01","SP25-MSBR-70340-01"
14,37,"SP25-MSBR-70340-01","SP25-MSBR-70340-01"
14,8,"SP25-MSBR-70340-01","SP25-MSBR-70340-01"
14,29,"SP25-MSBR-70340-01","SP25-MSBR-70340-01"
14,21,"SP25-MSBR-70340-01","SP25-MSBR-70340-02"
14,26,"SP25-MSBR-70340-01","SP25-MSBR-70340-01"
14,2,"SP25-MSBR-70340-01","SP25-MSBR-70340-02"
14,28,"SP25-MSBR-70340-01","SP25-MSBR-70340-02"
14,49,"SP25-MSBR-70340-01","SP25-MSBR-70340-01"
14,3,"SP25-MSBR-70340-01","SP25-MSBR-70340-02"
14,66,"SP25-MSBR-70340-01","SP25-MSBR-70340-01"
14,50,"SP25-MSBR-70340-01","SP25-MSBR-70340-01"
14,22,"SP25-MSBR-70340-01","SP25-MSBR-70340-02"
14,42,"SP25-MSBR-70340-01","SP25-MSBR-70340-02"
14,39,"SP25-MSBR-70340-01","SP25-MSBR-70340-02"
14,53,"SP25-MSBR-70340-01","SP25-MSBR-70340-02"
14,61,"SP25-MSBR-70340-01","SP25-MSBR-70340-02"
14,52,"SP25-MSBR-70340-01","SP25-MSBR-70340-02"
14,33,"SP25-MSBR-70340-01","SP25-MSBR-70340-02"
14,1,"SP25-MSBR-70340-01","SP25-MSBR-70340-02"
14,46,"SP25-MSBR-70340-01","SP25-MSBR-70340-01"
14,4,"SP25-MSBR-70340-01","SP25-MSBR-70340-01"
14,48,"SP25-MSBR-70340-01","SP25-MSBR-70340-01"
14,59,"SP25-MSBR-70340-01","SP25-MSBR-70340-02"
14,25,"SP25-MSBR-70340-01","SP25-MSBR-70340-02"
14,20,"SP25-MSBR-70340-01","SP25-MSBR-70340-02"
14,30,"SP25-MSBR-70340-01","SP25-MSBR-70340-02"
14,62,"SP25-MSBR-70340-01","SP25-MSBR-70340-02"
15,6,"SP25-MSBR-70340-01","SP25-MSBR-70340-01"
15,63,"SP25-MSBR-70340-01","SP25-MSBR-70340-01"
15,35,"SP25-MSBR-70340-01","SP25-MSBR-70340-01"
15,11,"SP25-MSBR-70340-01","SP25-MSBR-70340-01"
15,14,"SP25-MSBR-70340-01","SP25-MSBR-70340-01"
15,37,"SP25-MSBR-70340-01","SP25-MSBR-70340-01"
15,65,"SP25-MSBR-70340-01","SP25-MSBR-70340-02"
15,13,"SP25-MSBR-70340-01","SP25-MSBR-70340-01"
15,49,"SP25-MSBR-70340-01","SP25-MSBR-70340-01"
15,52,"SP25-MSBR-70340-01","SP25-MSBR-70340-02"
15,25,"SP25-MSBR-70340-01","SP25-MSBR-70340-02"
15,20,"SP25-MSBR-70340-01","SP25-MSBR-70340-02"
16,5,"SP25-MSBR-70340-02","SP25-MSBR-70340-01"
16,51,"SP25-MSBR-70340-02","SP25-MSBR-70340-01"
16,6,"SP25-MSBR-70340-02","SP25-MSBR-70340-01"
16,63,"SP25-MSBR-70340-02","SP25-MSBR-70340-01"
16,24,"SP25-MSBR-70340-02","SP25-MSBR-70340-01"
16,35,"SP25-MSBR-70340-02","SP25-MSBR-70340-01"
16,12,"SP25-MSBR-70340-02","SP25-MSBR-70340-01"
16,64,"SP25-MSBR-70340-02","SP25-MSBR-70340-01"
16,57,"SP25-MSBR-70340-02","SP25-MSBR-70340-01"
16,37,"SP25-MSBR-70340-02","SP25-MSBR-70340-01"
16,65,"SP25-MSBR-70340-02","SP25-MSBR-70340-02"
16,40,"SP25-MSBR-70340-02","SP25-MSBR-70340-01"
16,19,"SP25-MSBR-70340-02","SP25-MSBR-70340-01"
16,21,"SP25-MSBR-70340-02","SP25-MSBR-70340-02"
16,16,"SP25-MSBR-70340-02","SP25-MSBR-70340-02"
16,41,"SP25-MSBR-70340-02","SP25-MSBR-70340-02"
16,55,"SP25-MSBR-70340-02","SP25-MSBR-70340-02"
16,61,"SP25-MSBR-70340-02","SP25-MSBR-70340-02"
16,52,"SP25-MSBR-70340-02","SP25-MSBR-70340-02"
16,56,"SP25-MSBR-70340-02","SP25-MSBR-70340-02"
16,32,"SP25-MSBR-70340-02","SP25-MSBR-70340-02"
16,10,"SP25-MSBR-70340-02","SP25-MSBR-70340-01"
16,17,"SP25-MSBR-70340-02","SP25-MSBR-70340-01"
16,23,"SP25-MSBR-70340-02","SP25-MSBR-70340-01"
16,4,"SP25-MSBR-70340-02","SP25-MSBR-70340-01"
16,27,"SP25-MSBR-70340-02","SP25-MSBR-70340-01"
16,48,"SP25-MSBR-70340-02","SP25-MSBR-70340-01"
16,59,"SP25-MSBR-70340-02","SP25-MSBR-70340-02"
16,43,"SP25-MSBR-70340-02","SP25-MSBR-70340-01"
16,25,"SP25-MSBR-70340-02","SP25-MSBR-70340-02"
16,67,"SP25-MSBR-70340-02","SP25-MSBR-70340-02"
16,20,"SP25-MSBR-70340-02","SP25-MSBR-70340-02"
16,69,"SP25-MSBR-70340-02","SP25-MSBR-70340-02"
16,62,"SP25-MSBR-70340-02","SP25-MSBR-70340-02"
17,12,"SP25-MSBR-70340-01","SP25-MSBR-70340-01"
17,8,"SP25-MSBR-70340-01","SP25-MSBR-70340-01"
17,21,"SP25-MSBR-70340-01","SP25-MSBR-70340-02"
17,50,"SP25-MSBR-70340-01","SP25-MSBR-70340-01"
17,38,"SP25-MSBR-70340-01","SP25-MSBR-70340-01"
17,32,"SP25-MSBR-70340-01","SP25-MSBR-70340-02"
17,17,"SP25-MSBR-70340-01","SP25-MSBR-70340-01"
17,23,"SP25-MSBR-70340-01","SP25-MSBR-70340-01"
17,48,"SP25-MSBR-70340-01","SP25-MSBR-70340-01"
18,63,"SP25-MSBR-70340-01","SP25-MSBR-70340-01"
18,9,"SP25-MSBR-70340-01","SP25-MSBR-70340-01"
18,24,"SP25-MSBR-70340-01","SP25-MSBR-70340-01"
18,35,"SP25-MSBR-70340-01","SP25-MSBR-70340-01"
18,64,"SP25-MSBR-70340-01","SP25-MSBR-70340-01"
18,15,"SP25-MSBR-70340-01","SP25-MSBR-70340-01"
18,57,"SP25-MSBR-70340-01","SP25-MSBR-70340-01"
18,13,"SP25-MSBR-70340-01","SP25-MSBR-70340-01"
18,49,"SP25-MSBR-70340-01","SP25-MSBR-70340-01"
18,18,"SP25-MSBR-70340-01","SP25-MSBR-70340-01"
18,46,"SP25-MSBR-70340-01","SP25-MSBR-70340-01"
18,48,"SP25-MSBR-70340-01","SP25-MSBR-70340-01"
19,5,"SP25-MSBR-70340-01","SP25-MSBR-70340-01"
19,63,"SP25-MSBR-70340-01","SP25-MSBR-70340-01"
19,9,"SP25-MSBR-70340-01","SP25-MSBR-70340-01"
19,24,"SP25-MSBR-70340-01","SP25-MSBR-70340-01"
19,11,"SP25-MSBR-70340-01","SP25-MSBR-70340-01"
19,12,"SP25-MSBR-70340-01","SP25-MSBR-70340-01"
19,14,"SP25-MSBR-70340-01","SP25-MSBR-70340-01"
19,15,"SP25-MSBR-70340-01","SP25-MSBR-70340-01"
19,37,"SP25-MSBR-70340-01","SP25-MSBR-70340-01"
19,65,"SP25-MSBR-70340-01","SP25-MSBR-70340-02"
19,8,"SP25-MSBR-70340-01","SP25-MSBR-70340-01"
19,29,"SP25-MSBR-70340-01","SP25-MSBR-70340-01"
19,58,"SP25-MSBR-70340-01","SP25-MSBR-70340-01"
19,19,"SP25-MSBR-70340-01","SP25-MSBR-70340-01"
19,21,"SP25-MSBR-70340-01","SP25-MSBR-70340-02"
19,2,"SP25-MSBR-70340-01","SP25-MSBR-70340-02"
19,28,"SP25-MSBR-70340-01","SP25-MSBR-70340-02"
19,16,"SP25-MSBR-70340-01","SP25-MSBR-70340-02"
19,49,"SP25-MSBR-70340-01","SP25-MSBR-70340-01"
19,68,"SP25-MSBR-70340-01","SP25-MSBR-70340-01"
19,50,"SP25-MSBR-70340-01","SP25-MSBR-70340-01"
19,22,"SP25-MSBR-70340-01","SP25-MSBR-70340-02"
19,54,"SP25-MSBR-70340-01","SP25-MSBR-70340-01"
19,60,"SP25-MSBR-70340-01","SP25-MSBR-70340-02"
19,38,"SP25-MSBR-70340-01","SP25-MSBR-70340-01"
19,52,"SP25-MSBR-70340-01","SP25-MSBR-70340-02"
19,32,"SP25-MSBR-70340-01","SP25-MSBR-70340-02"
19,17,"SP25-MSBR-70340-01","SP25-MSBR-70340-01"
19,23,"SP25-MSBR-70340-01","SP25-MSBR-70340-01"
19,34,"SP25-MSBR-70340-01","SP25-MSBR-70340-02"
19,46,"SP25-MSBR-70340-01","SP25-MSBR-70340-01"
19,48,"SP25-MSBR-70340-01","SP25-MSBR-70340-01"
19,36,"SP25-MSBR-70340-01","SP25-MSBR-70340-01"
19,25,"SP25-MSBR-70340-01","SP25-MSBR-70340-02"
19,20,"SP25-MSBR-70340-01","SP25-MSBR-70340-02"
19,62,"SP25-MSBR-70340-01","SP25-MSBR-70340-02"
20,5,"SP25-MSBR-70340-02","SP25-MSBR-70340-01"
20,51,"SP25-MSBR-70340-02","SP25-MSBR-70340-01"
20,6,"SP25-MSBR-70340-02","SP25-MSBR-70340-01"
20,47,"SP25-MSBR-70340-02","SP25-MSBR-70340-01"
20,24,"SP25-MSBR-70340-02","SP25-MSBR-70340-01"
20,35,"SP25-MSBR-70340-02","SP25-MSBR-70340-01"
20,11,"SP25-MSBR-70340-02","SP25-MSBR-70340-01"
20,12,"SP25-MSBR-70340-02","SP25-MSBR-70340-01"
20,14,"SP25-MSBR-70340-02","SP25-MSBR-70340-01"
20,64,"SP25-MSBR-70340-02","SP25-MSBR-70340-01"
20,15,"SP25-MSBR-70340-02","SP25-MSBR-70340-01"
20,57,"SP25-MSBR-70340-02","SP25-MSBR-70340-01"
20,37,"SP25-MSBR-70340-02","SP25-MSBR-70340-01"
20,65,"SP25-MSBR-70340-02","SP25-MSBR-70340-02"
20,8,"SP25-MSBR-70340-02","SP25-MSBR-70340-01"
20,13,"SP25-MSBR-70340-02","SP25-MSBR-70340-01"
20,40,"SP25-MSBR-70340-02","SP25-MSBR-70340-01"
20,45,"SP25-MSBR-70340-02","SP25-MSBR-70340-02"
20,29,"SP25-MSBR-70340-02","SP25-MSBR-70340-01"
20,58,"SP25-MSBR-70340-02","SP25-MSBR-70340-01"
20,19,"SP25-MSBR-70340-02","SP25-MSBR-70340-01"
20,21,"SP25-MSBR-70340-02","SP25-MSBR-70340-02"
20,26,"SP25-MSBR-70340-02","SP25-MSBR-70340-01"
20,2,"SP25-MSBR-70340-02","SP25-MSBR-70340-02"
20,28,"SP25-MSBR-70340-02","SP25-MSBR-70340-02"
20,16,"SP25-MSBR-70340-02","SP25-MSBR-70340-02"
20,49,"SP25-MSBR-70340-02","SP25-MSBR-70340-01"
20,18,"SP25-MSBR-70340-02","SP25-MSBR-70340-01"
20,3,"SP25-MSBR-70340-02","SP25-MSBR-70340-02"
20,66,"SP25-MSBR-70340-02","SP25-MSBR-70340-01"
20,68,"SP25-MSBR-70340-02","SP25-MSBR-70340-01"
20,50,"SP25-MSBR-70340-02","SP25-MSBR-70340-01"
20,22,"SP25-MSBR-70340-02","SP25-MSBR-70340-02"
20,41,"SP25-MSBR-70340-02","SP25-MSBR-70340-02"
20,42,"SP25-MSBR-70340-02","SP25-MSBR-70340-02"
20,54,"SP25-MSBR-70340-02","SP25-MSBR-70340-01"
20,55,"SP25-MSBR-70340-02","SP25-MSBR-70340-02"
20,60,"SP25-MSBR-70340-02","SP25-MSBR-70340-02"
20,39,"SP25-MSBR-70340-02","SP25-MSBR-70340-02"
20,38,"SP25-MSBR-70340-02","SP25-MSBR-70340-01"
20,53,"SP25-MSBR-70340-02","SP25-MSBR-70340-02"
20,61,"SP25-MSBR-70340-02","SP25-MSBR-70340-02"
20,52,"SP25-MSBR-70340-02","SP25-MSBR-70340-02"
20,56,"SP25-MSBR-70340-02","SP25-MSBR-70340-02"
20,32,"SP25-MSBR-70340-02","SP25-MSBR-70340-02"
20,10,"SP25-MSBR-70340-02","SP25-MSBR-70340-01"
20,17,"SP25-MSBR-70340-02","SP25-MSBR-70340-01"
20,7,"SP25-MSBR-70340-02","SP25-MSBR-70340-02"
20,33,"SP25-MSBR-70340-02","SP25-MSBR-70340-02"
20,23,"SP25-MSBR-70340-02","SP25-MSBR-70340-01"
20,1,"SP25-MSBR-70340-02","SP25-MSBR-70340-02"
20,34,"SP25-MSBR-70340-02","SP25-MSBR-70340-02"
20,46,"SP25-MSBR-70340-02","SP25-MSBR-70340-01"
20,4,"SP25-MSBR-70340-02","SP25-MSBR-70340-01"
20,27,"SP25-MSBR-70340-02","SP25-MSBR-70340-01"
20,48,"SP25-MSBR-70340-02","SP25-MSBR-70340-01"
20,59,"SP25-MSBR-70340-02","SP25-MSBR-70340-02"
20,36,"SP25-MSBR-70340-02","SP25-MSBR-70340-01"
20,43,"SP25-MSBR-70340-02","SP25-MSBR-70340-01"
20,25,"SP25-MSBR-70340-02","SP25-MSBR-70340-02"
20,31,"SP25-MSBR-70340-02","SP25-MSBR-70340-01"
20,67,"SP25-MSBR-70340-02","SP25-MSBR-70340-02"
20,20,"SP25-MSBR-70340-02","SP25-MSBR-70340-02"
20,30,"SP25-MSBR-70340-02","SP25-MSBR-70340-02"
20,69,"SP25-MSBR-70340-02","SP25-MSBR-70340-02"
20,62,"SP25-MSBR-70340-02","SP25-MSBR-70340-02"
21,9,"SP25-MSBR-70340-02","SP25-MSBR-70340-01"
21,11,"SP25-MSBR-70340-02","SP25-MSBR-70340-01"
21,12,"SP25-MSBR-70340-02","SP25-MSBR-70340-01"
21,37,"SP25-MSBR-70340-02","SP25-MSBR-70340-01"
21,65,"SP25-MSBR-70340-02","SP25-MSBR-70340-02"
21,29,"SP25-MSBR-70340-02","SP25-MSBR-70340-01"
21,58,"SP25-MSBR-70340-02","SP25-MSBR-70340-01"
21,19,"SP25-MSBR-70340-02","SP25-MSBR-70340-01"
21,2,"SP25-MSBR-70340-02","SP25-MSBR-70340-02"
21,16,"SP25-MSBR-70340-02","SP25-MSBR-70340-02"
21,49,"SP25-MSBR-70340-02","SP25-MSBR-70340-01"
21,3,"SP25-MSBR-70340-02","SP25-MSBR-70340-02"
21,41,"SP25-MSBR-70340-02","SP25-MSBR-70340-02"
21,54,"SP25-MSBR-70340-02","SP25-MSBR-70340-01"
21,39,"SP25-MSBR-70340-02","SP25-MSBR-70340-02"
21,61,"SP25-MSBR-70340-02","SP25-MSBR-70340-02"
21,52,"SP25-MSBR-70340-02","SP25-MSBR-70340-02"
21,32,"SP25-MSBR-70340-02","SP25-MSBR-70340-02"
21,17,"SP25-MSBR-70340-02","SP25-MSBR-70340-01"
21,7,"SP25-MSBR-70340-02","SP25-MSBR-70340-02"
21,34,"SP25-MSBR-70340-02","SP25-MSBR-70340-02"
21,25,"SP25-MSBR-70340-02","SP25-MSBR-70340-02"
21,20,"SP25-MSBR-70340-02","SP25-MSBR-70340-02"
21,62,"SP25-MSBR-70340-02","SP25-MSBR-70340-02"
22,6,"SP25-MSBR-70340-02","SP25-MSBR-70340-01"
22,47,"SP25-MSBR-70340-02","SP25-MSBR-70340-01"
22,44,"SP25-MSBR-70340-02","SP25-MSBR-70340-01"
22,14,"SP25-MSBR-70340-02","SP25-MSBR-70340-01"
22,15,"SP25-MSBR-70340-02","SP25-MSBR-70340-01"
22,57,"SP25-MSBR-70340-02","SP25-MSBR-70340-01"
22,65,"SP25-MSBR-70340-02","SP25-MSBR-70340-02"
22,45,"SP25-MSBR-70340-02","SP25-MSBR-70340-02"
22,29,"SP25-MSBR-70340-02","SP25-MSBR-70340-01"
22,21,"SP25-MSBR-70340-02","SP25-MSBR-70340-02"
22,26,"SP25-MSBR-70340-02","SP25-MSBR-70340-01"
22,28,"SP25-MSBR-70340-02","SP25-MSBR-70340-02"
22,3,"SP25-MSBR-70340-02","SP25-MSBR-70340-02"
22,41,"SP25-MSBR-70340-02","SP25-MSBR-70340-02"
22,42,"SP25-MSBR-70340-02","SP25-MSBR-70340-02"
22,55,"SP25-MSBR-70340-02","SP25-MSBR-70340-02"
22,60,"SP25-MSBR-70340-02","SP25-MSBR-70340-02"
22,39,"SP25-MSBR-70340-02","SP25-MSBR-70340-02"
22,53,"SP25-MSBR-70340-02","SP25-MSBR-70340-02"
22,61,"SP25-MSBR-70340-02","SP25-MSBR-70340-02"
22,52,"SP25-MSBR-70340-02","SP25-MSBR-70340-02"
22,56,"SP25-MSBR-70340-02","SP25-MSBR-70340-02"
22,32,"SP25-MSBR-70340-02","SP25-MSBR-70340-02"
22,33,"SP25-MSBR-70340-02","SP25-MSBR-70340-02"
22,1,"SP25-MSBR-70340-02","SP25-MSBR-70340-02"
22,34,"SP25-MSBR-70340-02","SP25-MSBR-70340-02"
22,46,"SP25-MSBR-70340-02","SP25-MSBR-70340-01"
22,4,"SP25-MSBR-70340-02","SP25-MSBR-70340-01"
22,48,"SP25-MSBR-70340-02","SP25-MSBR-70340-01"
22,59,"SP25-MSBR-70340-02","SP25-MSBR-70340-02"
22,25,"SP25-MSBR-70340-02","SP25-MSBR-70340-02"
22,31,"SP25-MSBR-70340-02","SP25-MSBR-70340-01"
22,67,"SP25-MSBR-70340-02","SP25-MSBR-70340-02"
22,20,"SP25-MSBR-70340-02","SP25-MSBR-70340-02"
22,30,"SP25-MSBR-70340-02","SP25-MSBR-70340-02"
22,69,"SP25-MSBR-70340-02","SP25-MSBR-70340-02"
23,6,"SP25-MSBR-70340-01","SP25-MSBR-70340-01"
23,11,"SP25-MSBR-70340-01","SP25-MSBR-70340-01"
23,14,"SP25-MSBR-70340-01","SP25-MSBR-70340-01"
23,15,"SP25-MSBR-70340-01","SP25-MSBR-70340-01"
23,8,"SP25-MSBR-70340-01","SP25-MSBR-70340-01"
23,19,"SP25-MSBR-70340-01","SP25-MSBR-70340-01"
23,49,"SP25-MSBR-70340-01","SP25-MSBR-70340-01"
23,68,"SP25-MSBR-70340-01","SP25-MSBR-70340-01"
23,50,"SP25-MSBR-70340-01","SP25-MSBR-70340-01"
23,38,"SP25-MSBR-70340-01","SP25-MSBR-70340-01"
23,61,"SP25-MSBR-70340-01","SP25-MSBR-70340-02"
23,17,"SP25-MSBR-70340-01","SP25-MSBR-70340-01"
23,7,"SP25-MSBR-70340-01","SP25-MSBR-70340-02"
23,23,"SP25-MSBR-70340-01","SP25-MSBR-70340-01"
23,4,"SP25-MSBR-70340-01","SP25-MSBR-70340-01"
23,48,"SP25-MSBR-70340-01","SP25-MSBR-70340-01"
23,36,"SP25-MSBR-70340-01","SP25-MSBR-70340-01"
23,31,"SP25-MSBR-70340-01","SP25-MSBR-70340-01"
23,20,"SP25-MSBR-70340-01","SP25-MSBR-70340-02"
23,30,"SP25-MSBR-70340-01","SP25-MSBR-70340-02"
24,5,"SP25-MSBR-70340-01","SP25-MSBR-70340-01"
24,51,"SP25-MSBR-70340-01","SP25-MSBR-70340-01"
24,47,"SP25-MSBR-70340-01","SP25-MSBR-70340-01"
24,63,"SP25-MSBR-70340-01","SP25-MSBR-70340-01"
24,9,"SP25-MSBR-70340-01","SP25-MSBR-70340-01"
24,35,"SP25-MSBR-70340-01","SP25-MSBR-70340-01"
24,64,"SP25-MSBR-70340-01","SP25-MSBR-70340-01"
24,57,"SP25-MSBR-70340-01","SP25-MSBR-70340-01"
24,40,"SP25-MSBR-70340-01","SP25-MSBR-70340-01"
24,49,"SP25-MSBR-70340-01","SP25-MSBR-70340-01"
24,54,"SP25-MSBR-70340-01","SP25-MSBR-70340-01"
24,61,"SP25-MSBR-70340-01","SP25-MSBR-70340-02"
24,46,"SP25-MSBR-70340-01","SP25-MSBR-70340-01"
24,27,"SP25-MSBR-70340-01","SP25-MSBR-70340-01"
24,43,"SP25-MSBR-70340-01","SP25-MSBR-70340-01"
25,14,"SP25-MSBR-70340-02","SP25-MSBR-70340-01"
25,15,"SP25-MSBR-70340-02","SP25-MSBR-70340-01"
25,65,"SP25-MSBR-70340-02","SP25-MSBR-70340-02"
25,19,"SP25-MSBR-70340-02","SP25-MSBR-70340-01"
25,21,"SP25-MSBR-70340-02","SP25-MSBR-70340-02"
25,28,"SP25-MSBR-70340-02","SP25-MSBR-70340-02"
25,3,"SP25-MSBR-70340-02","SP25-MSBR-70340-02"
25,68,"SP25-MSBR-70340-02","SP25-MSBR-70340-01"
25,22,"SP25-MSBR-70340-02","SP25-MSBR-70340-02"
25,41,"SP25-MSBR-70340-02","SP25-MSBR-70340-02"
25,54,"SP25-MSBR-70340-02","SP25-MSBR-70340-01"
25,60,"SP25-MSBR-70340-02","SP25-MSBR-70340-02"
25,53,"SP25-MSBR-70340-02","SP25-MSBR-70340-02"
25,61,"SP25-MSBR-70340-02","SP25-MSBR-70340-02"
25,52,"SP25-MSBR-70340-02","SP25-MSBR-70340-02"
25,32,"SP25-MSBR-70340-02","SP25-MSBR-70340-02"
25,33,"SP25-MSBR-70340-02","SP25-MSBR-70340-02"
25,1,"SP25-MSBR-70340-02","SP25-MSBR-70340-02"
25,4,"SP25-MSBR-70340-02","SP25-MSBR-70340-01"
25,48,"SP25-MSBR-70340-02","SP25-MSBR-70340-01"
25,25,"SP25-MSBR-70340-02","SP25-MSBR-70340-02"
25,20,"SP25-MSBR-70340-02","SP25-MSBR-70340-02"
26,6,"SP25-MSBR-70340-01","SP25-MSBR-70340-01"
26,47,"SP25-MSBR-70340-01","SP25-MSBR-70340-01"
26,14,"SP25-MSBR-70340-01","SP25-MSBR-70340-01"
26,66,"SP25-MSBR-70340-01","SP25-MSBR-70340-01"
26,22,"SP25-MSBR-70340-01","SP25-MSBR-70340-02"
26,53,"SP25-MSBR-70340-01","SP25-MSBR-70340-02"
26,56,"SP25-MSBR-70340-01","SP25-MSBR-70340-02"
26,33,"SP25-MSBR-70340-01","SP25-MSBR-70340-02"
26,1,"SP25-MSBR-70340-01","SP25-MSBR-70340-02"
26,4,"SP25-MSBR-70340-01","SP25-MSBR-70340-01"
26,27,"SP25-MSBR-70340-01","SP25-MSBR-70340-01"
27,47,"SP25-MSBR-70340-01","SP25-MSBR-70340-01"
27,24,"SP25-MSBR-70340-01","SP25-MSBR-70340-01"
27,64,"SP25-MSBR-70340-01","SP25-MSBR-70340-01"
27,57,"SP25-MSBR-70340-01","SP25-MSBR-70340-01"
27,40,"SP25-MSBR-70340-01","SP25-MSBR-70340-01"
27,58,"SP25-MSBR-70340-01","SP25-MSBR-70340-01"
27,26,"SP25-MSBR-70340-01","SP25-MSBR-70340-01"
27,54,"SP25-MSBR-70340-01","SP25-MSBR-70340-01"
27,4,"SP25-MSBR-70340-01","SP25-MSBR-70340-01"
27,48,"SP25-MSBR-70340-01","SP25-MSBR-70340-01"
27,43,"SP25-MSBR-70340-01","SP25-MSBR-70340-01"
28,65,"SP25-MSBR-70340-02","SP25-MSBR-70340-02"
28,28,"SP25-MSBR-70340-02","SP25-MSBR-70340-02"
28,53,"SP25-MSBR-70340-02","SP25-MSBR-70340-02"
28,61,"SP25-MSBR-70340-02","SP25-MSBR-70340-02"
28,52,"SP25-MSBR-70340-02","SP25-MSBR-70340-02"
28,56,"SP25-MSBR-70340-02","SP25-MSBR-70340-02"
28,33,"SP25-MSBR-70340-02","SP25-MSBR-70340-02"
28,1,"SP25-MSBR-70340-02","SP25-MSBR-70340-02"
28,4,"SP25-MSBR-70340-02","SP25-MSBR-70340-01"
28,25,"SP25-MSBR-70340-02","SP25-MSBR-70340-02"
28,31,"SP25-MSBR-70340-02","SP25-MSBR-70340-01"
28,20,"SP25-MSBR-70340-02","SP25-MSBR-70340-02"
29,5,"SP25-MSBR-70340-01","SP25-MSBR-70340-01"
29,51,"SP25-MSBR-70340-01","SP25-MSBR-70340-01"
29,6,"SP25-MSBR-70340-01","SP25-MSBR-70340-01"
29,47,"SP25-MSBR-70340-01","SP25-MSBR-70340-01"
29,35,"SP25-MSBR-70340-01","SP25-MSBR-70340-01"
29,12,"SP25-MSBR-70340-01","SP25-MSBR-70340-01"
29,14,"SP25-MSBR-70340-01","SP25-MSBR-70340-01"
29,15,"SP25-MSBR-70340-01","SP25-MSBR-70340-01"
29,65,"SP25-MSBR-70340-01","SP25-MSBR-70340-02"
29,45,"SP25-MSBR-70340-01","SP25-MSBR-70340-02"
29,29,"SP25-MSBR-70340-01","SP25-MSBR-70340-01"
29,19,"SP25-MSBR-70340-01","SP25-MSBR-70340-01"
29,21,"SP25-MSBR-70340-01","SP25-MSBR-70340-02"
29,26,"SP25-MSBR-70340-01","SP25-MSBR-70340-01"
29,2,"SP25-MSBR-70340-01","SP25-MSBR-70340-02"
29,28,"SP25-MSBR-70340-01","SP25-MSBR-70340-02"
29,16,"SP25-MSBR-70340-01","SP25-MSBR-70340-02"
29,3,"SP25-MSBR-70340-01","SP25-MSBR-70340-02"
29,66,"SP25-MSBR-70340-01","SP25-MSBR-70340-01"
29,22,"SP25-MSBR-70340-01","SP25-MSBR-70340-02"
29,41,"SP25-MSBR-70340-01","SP25-MSBR-70340-02"
29,42,"SP25-MSBR-70340-01","SP25-MSBR-70340-02"
29,39,"SP25-MSBR-70340-01","SP25-MSBR-70340-02"
29,53,"SP25-MSBR-70340-01","SP25-MSBR-70340-02"
29,61,"SP25-MSBR-70340-01","SP25-MSBR-70340-02"
29,56,"SP25-MSBR-70340-01","SP25-MSBR-70340-02"
29,32,"SP25-MSBR-70340-01","SP25-MSBR-70340-02"
29,10,"SP25-MSBR-70340-01","SP25-MSBR-70340-01"
29,7,"SP25-MSBR-70340-01","SP25-MSBR-70340-02"
29,33,"SP25-MSBR-70340-01","SP25-MSBR-70340-02"
29,1,"SP25-MSBR-70340-01","SP25-MSBR-70340-02"
29,34,"SP25-MSBR-70340-01","SP25-MSBR-70340-02"
29,4,"SP25-MSBR-70340-01","SP25-MSBR-70340-01"
29,48,"SP25-MSBR-70340-01","SP25-MSBR-70340-01"
29,31,"SP25-MSBR-70340-01","SP25-MSBR-70340-01"
29,67,"SP25-MSBR-70340-01","SP25-MSBR-70340-02"
29,20,"SP25-MSBR-70340-01","SP25-MSBR-70340-02"
29,30,"SP25-MSBR-70340-01","SP25-MSBR-70340-02"
29,62,"SP25-MSBR-70340-01","SP25-MSBR-70340-02"
30,2,"SP25-MSBR-70340-02","SP25-MSBR-70340-02"
30,42,"SP25-MSBR-70340-02","SP25-MSBR-70340-02"
30,59,"SP25-MSBR-70340-02","SP25-MSBR-70340-02"
30,67,"SP25-MSBR-70340-02","SP25-MSBR-70340-02"
30,69,"SP25-MSBR-70340-02","SP25-MSBR-70340-02"
30,2,"SP25-MSBR-70340-02","SP25-MSBR-70340-02"
30,42,"SP25-MSBR-70340-02","SP25-MSBR-70340-02"
30,59,"SP25-MSBR-70340-02","SP25-MSBR-70340-02"
30,67,"SP25-MSBR-70340-02","SP25-MSBR-70340-02"
30,69,"SP25-MSBR-70340-02","SP25-MSBR-70340-02"
31,26,"SP25-MSBR-70340-01","SP25-MSBR-70340-01"
31,28,"SP25-MSBR-70340-01","SP25-MSBR-70340-02"
31,22,"SP25-MSBR-70340-01","SP25-MSBR-70340-02"
31,42,"SP25-MSBR-70340-01","SP25-MSBR-70340-02"
31,53,"SP25-MSBR-70340-01","SP25-MSBR-70340-02"
31,56,"SP25-MSBR-70340-01","SP25-MSBR-70340-02"
31,33,"SP25-MSBR-70340-01","SP25-MSBR-70340-02"
31,1,"SP25-MSBR-70340-01","SP25-MSBR-70340-02"
31,34,"SP25-MSBR-70340-01","SP25-MSBR-70340-02"
31,4,"SP25-MSBR-70340-01","SP25-MSBR-70340-01"
31,27,"SP25-MSBR-70340-01","SP25-MSBR-70340-01"
31,48,"SP25-MSBR-70340-01","SP25-MSBR-70340-01"
31,20,"SP25-MSBR-70340-01","SP25-MSBR-70340-02"
31,30,"SP25-MSBR-70340-01","SP25-MSBR-70340-02"
32,5,"SP25-MSBR-70340-02","SP25-MSBR-70340-01"
32,51,"SP25-MSBR-70340-02","SP25-MSBR-70340-01"
32,12,"SP25-MSBR-70340-02","SP25-MSBR-70340-01"
32,29,"SP25-MSBR-70340-02","SP25-MSBR-70340-01"
32,3,"SP25-MSBR-70340-02","SP25-MSBR-70340-02"
32,39,"SP25-MSBR-70340-02","SP25-MSBR-70340-02"
32,61,"SP25-MSBR-70340-02","SP25-MSBR-70340-02"
32,10,"SP25-MSBR-70340-02","SP25-MSBR-70340-01"
32,7,"SP25-MSBR-70340-02","SP25-MSBR-70340-02"
33,6,"SP25-MSBR-70340-02","SP25-MSBR-70340-01"
33,47,"SP25-MSBR-70340-02","SP25-MSBR-70340-01"
33,14,"SP25-MSBR-70340-02","SP25-MSBR-70340-01"
33,15,"SP25-MSBR-70340-02","SP25-MSBR-70340-01"
33,29,"SP25-MSBR-70340-02","SP25-MSBR-70340-01"
33,26,"SP25-MSBR-70340-02","SP25-MSBR-70340-01"
33,2,"SP25-MSBR-70340-02","SP25-MSBR-70340-02"
33,28,"SP25-MSBR-70340-02","SP25-MSBR-70340-02"
33,3,"SP25-MSBR-70340-02","SP25-MSBR-70340-02"
33,66,"SP25-MSBR-70340-02","SP25-MSBR-70340-01"
33,22,"SP25-MSBR-70340-02","SP25-MSBR-70340-02"
33,41,"SP25-MSBR-70340-02","SP25-MSBR-70340-02"
33,42,"SP25-MSBR-70340-02","SP25-MSBR-70340-02"
33,60,"SP25-MSBR-70340-02","SP25-MSBR-70340-02"
33,53,"SP25-MSBR-70340-02","SP25-MSBR-70340-02"
33,61,"SP25-MSBR-70340-02","SP25-MSBR-70340-02"
33,52,"SP25-MSBR-70340-02","SP25-MSBR-70340-02"
33,56,"SP25-MSBR-70340-02","SP25-MSBR-70340-02"
33,32,"SP25-MSBR-70340-02","SP25-MSBR-70340-02"
33,1,"SP25-MSBR-70340-02","SP25-MSBR-70340-02"
33,34,"SP25-MSBR-70340-02","SP25-MSBR-70340-02"
33,4,"SP25-MSBR-70340-02","SP25-MSBR-70340-01"
33,27,"SP25-MSBR-70340-02","SP25-MSBR-70340-01"
33,48,"SP25-MSBR-70340-02","SP25-MSBR-70340-01"
33,59,"SP25-MSBR-70340-02","SP25-MSBR-70340-02"
33,25,"SP25-MSBR-70340-02","SP25-MSBR-70340-02"
33,31,"SP25-MSBR-70340-02","SP25-MSBR-70340-01"
33,67,"SP25-MSBR-70340-02","SP25-MSBR-70340-02"
33,20,"SP25-MSBR-70340-02","SP25-MSBR-70340-02"
33,30,"SP25-MSBR-70340-02","SP25-MSBR-70340-02"
33,62,"SP25-MSBR-70340-02","SP25-MSBR-70340-02"
34,5,"SP25-MSBR-70340-02","SP25-MSBR-70340-01"
34,51,"SP25-MSBR-70340-02","SP25-MSBR-70340-01"
34,12,"SP25-MSBR-70340-02","SP25-MSBR-70340-01"
34,42,"SP25-MSBR-70340-02","SP25-MSBR-70340-02"
34,31,"SP25-MSBR-70340-02","SP25-MSBR-70340-01"
35,63,"SP25-MSBR-70340-01","SP25-MSBR-70340-01"
35,9,"SP25-MSBR-70340-01","SP25-MSBR-70340-01"
35,24,"SP25-MSBR-70340-01","SP25-MSBR-70340-01"
35,35,"SP25-MSBR-70340-01","SP25-MSBR-70340-01"
35,11,"SP25-MSBR-70340-01","SP25-MSBR-70340-01"
35,12,"SP25-MSBR-70340-01","SP25-MSBR-70340-01"
35,44,"SP25-MSBR-70340-01","SP25-MSBR-70340-01"
35,14,"SP25-MSBR-70340-01","SP25-MSBR-70340-01"
35,64,"SP25-MSBR-70340-01","SP25-MSBR-70340-01"
35,15,"SP25-MSBR-70340-01","SP25-MSBR-70340-01"
35,57,"SP25-MSBR-70340-01","SP25-MSBR-70340-01"
35,13,"SP25-MSBR-70340-01","SP25-MSBR-70340-01"
35,29,"SP25-MSBR-70340-01","SP25-MSBR-70340-01"
35,19,"SP25-MSBR-70340-01","SP25-MSBR-70340-01"
35,49,"SP25-MSBR-70340-01","SP25-MSBR-70340-01"
35,18,"SP25-MSBR-70340-01","SP25-MSBR-70340-01"
35,66,"SP25-MSBR-70340-01","SP25-MSBR-70340-01"
35,32,"SP25-MSBR-70340-01","SP25-MSBR-70340-02"
35,1,"SP25-MSBR-70340-01","SP25-MSBR-70340-02"
35,34,"SP25-MSBR-70340-01","SP25-MSBR-70340-02"
35,48,"SP25-MSBR-70340-01","SP25-MSBR-70340-01"
35,62,"SP25-MSBR-70340-01","SP25-MSBR-70340-02"
36,15,"SP25-MSBR-70340-01","SP25-MSBR-70340-01"
36,37,"SP25-MSBR-70340-01","SP25-MSBR-70340-01"
36,8,"SP25-MSBR-70340-01","SP25-MSBR-70340-01"
36,45,"SP25-MSBR-70340-01","SP25-MSBR-70340-02"
36,19,"SP25-MSBR-70340-01","SP25-MSBR-70340-01"
36,49,"SP25-MSBR-70340-01","SP25-MSBR-70340-01"
36,68,"SP25-MSBR-70340-01","SP25-MSBR-70340-01"
36,50,"SP25-MSBR-70340-01","SP25-MSBR-70340-01"
36,54,"SP25-MSBR-70340-01","SP25-MSBR-70340-01"
36,38,"SP25-MSBR-70340-01","SP25-MSBR-70340-01"
36,17,"SP25-MSBR-70340-01","SP25-MSBR-70340-01"
36,23,"SP25-MSBR-70340-01","SP25-MSBR-70340-01"
36,46,"SP25-MSBR-70340-01","SP25-MSBR-70340-01"
36,4,"SP25-MSBR-70340-01","SP25-MSBR-70340-01"
36,20,"SP25-MSBR-70340-01","SP25-MSBR-70340-02"
37,51,"SP25-MSBR-70340-01","SP25-MSBR-70340-01"
37,9,"SP25-MSBR-70340-01","SP25-MSBR-70340-01"
37,11,"SP25-MSBR-70340-01","SP25-MSBR-70340-01"
37,15,"SP25-MSBR-70340-01","SP25-MSBR-70340-01"
37,65,"SP25-MSBR-70340-01","SP25-MSBR-70340-02"
37,8,"SP25-MSBR-70340-01","SP25-MSBR-70340-01"
37,40,"SP25-MSBR-70340-01","SP25-MSBR-70340-01"
37,58,"SP25-MSBR-70340-01","SP25-MSBR-70340-01"
37,19,"SP25-MSBR-70340-01","SP25-MSBR-70340-01"
37,21,"SP25-MSBR-70340-01","SP25-MSBR-70340-02"
37,16,"SP25-MSBR-70340-01","SP25-MSBR-70340-02"
37,49,"SP25-MSBR-70340-01","SP25-MSBR-70340-01"
37,3,"SP25-MSBR-70340-01","SP25-MSBR-70340-02"
37,50,"SP25-MSBR-70340-01","SP25-MSBR-70340-01"
37,41,"SP25-MSBR-70340-01","SP25-MSBR-70340-02"
37,60,"SP25-MSBR-70340-01","SP25-MSBR-70340-02"
37,38,"SP25-MSBR-70340-01","SP25-MSBR-70340-01"
37,61,"SP25-MSBR-70340-01","SP25-MSBR-70340-02"
37,52,"SP25-MSBR-70340-01","SP25-MSBR-70340-02"
37,17,"SP25-MSBR-70340-01","SP25-MSBR-70340-01"
37,23,"SP25-MSBR-70340-01","SP25-MSBR-70340-01"
37,46,"SP25-MSBR-70340-01","SP25-MSBR-70340-01"
37,36,"SP25-MSBR-70340-01","SP25-MSBR-70340-01"
37,25,"SP25-MSBR-70340-01","SP25-MSBR-70340-02"
37,20,"SP25-MSBR-70340-01","SP25-MSBR-70340-02"
38,11,"SP25-MSBR-70340-01","SP25-MSBR-70340-01"
38,37,"SP25-MSBR-70340-01","SP25-MSBR-70340-01"
38,8,"SP25-MSBR-70340-01","SP25-MSBR-70340-01"
38,13,"SP25-MSBR-70340-01","SP25-MSBR-70340-01"
38,29,"SP25-MSBR-70340-01","SP25-MSBR-70340-01"
38,19,"SP25-MSBR-70340-01","SP25-MSBR-70340-01"
38,49,"SP25-MSBR-70340-01","SP25-MSBR-70340-01"
38,68,"SP25-MSBR-70340-01","SP25-MSBR-70340-01"
38,50,"SP25-MSBR-70340-01","SP25-MSBR-70340-01"
38,38,"SP25-MSBR-70340-01","SP25-MSBR-70340-01"
38,17,"SP25-MSBR-70340-01","SP25-MSBR-70340-01"
38,23,"SP25-MSBR-70340-01","SP25-MSBR-70340-01"
38,48,"SP25-MSBR-70340-01","SP25-MSBR-70340-01"
38,36,"SP25-MSBR-70340-01","SP25-MSBR-70340-01"
38,20,"SP25-MSBR-70340-01","SP25-MSBR-70340-02"
38,49,"SP25-MSBR-70340-01","SP25-MSBR-70340-01"
38,68,"SP25-MSBR-70340-01","SP25-MSBR-70340-01"
38,50,"SP25-MSBR-70340-01","SP25-MSBR-70340-01"
38,38,"SP25-MSBR-70340-01","SP25-MSBR-70340-01"
38,17,"SP25-MSBR-70340-01","SP25-MSBR-70340-01"
38,23,"SP25-MSBR-70340-01","SP25-MSBR-70340-01"
38,48,"SP25-MSBR-70340-01","SP25-MSBR-70340-01"
38,36,"SP25-MSBR-70340-01","SP25-MSBR-70340-01"
38,20,"SP25-MSBR-70340-01","SP25-MSBR-70340-02"
38,11,"SP25-MSBR-70340-01","SP25-MSBR-70340-01"
38,37,"SP25-MSBR-70340-01","SP25-MSBR-70340-01"
38,8,"SP25-MSBR-70340-01","SP25-MSBR-70340-01"
38,19,"SP25-MSBR-70340-01","SP25-MSBR-70340-01"
39,5,"SP25-MSBR-70340-02","SP25-MSBR-70340-01"
39,29,"SP25-MSBR-70340-02","SP25-MSBR-70340-01"
39,19,"SP25-MSBR-70340-02","SP25-MSBR-70340-01"
39,21,"SP25-MSBR-70340-02","SP25-MSBR-70340-02"
39,2,"SP25-MSBR-70340-02","SP25-MSBR-70340-02"
39,28,"SP25-MSBR-70340-02","SP25-MSBR-70340-02"
39,3,"SP25-MSBR-70340-02","SP25-MSBR-70340-02"
39,42,"SP25-MSBR-70340-02","SP25-MSBR-70340-02"
39,61,"SP25-MSBR-70340-02","SP25-MSBR-70340-02"
39,32,"SP25-MSBR-70340-02","SP25-MSBR-70340-02"
39,7,"SP25-MSBR-70340-02","SP25-MSBR-70340-02"
39,20,"SP25-MSBR-70340-02","SP25-MSBR-70340-02"
40,47,"SP25-MSBR-70340-01","SP25-MSBR-70340-01"
40,64,"SP25-MSBR-70340-01","SP25-MSBR-70340-01"
40,58,"SP25-MSBR-70340-01","SP25-MSBR-70340-01"
40,4,"SP25-MSBR-70340-01","SP25-MSBR-70340-01"
40,27,"SP25-MSBR-70340-01","SP25-MSBR-70340-01"
40,48,"SP25-MSBR-70340-01","SP25-MSBR-70340-01"
40,43,"SP25-MSBR-70340-01","SP25-MSBR-70340-01"
41,12,"SP25-MSBR-70340-02","SP25-MSBR-70340-01"
41,44,"SP25-MSBR-70340-02","SP25-MSBR-70340-01"
41,37,"SP25-MSBR-70340-02","SP25-MSBR-70340-01"
41,40,"SP25-MSBR-70340-02","SP25-MSBR-70340-01"
41,21,"SP25-MSBR-70340-02","SP25-MSBR-70340-02"
41,2,"SP25-MSBR-70340-02","SP25-MSBR-70340-02"
41,16,"SP25-MSBR-70340-02","SP25-MSBR-70340-02"
41,3,"SP25-MSBR-70340-02","SP25-MSBR-70340-02"
41,55,"SP25-MSBR-70340-02","SP25-MSBR-70340-02"
41,60,"SP25-MSBR-70340-02","SP25-MSBR-70340-02"
41,61,"SP25-MSBR-70340-02","SP25-MSBR-70340-02"
41,52,"SP25-MSBR-70340-02","SP25-MSBR-70340-02"
41,7,"SP25-MSBR-70340-02","SP25-MSBR-70340-02"
41,59,"SP25-MSBR-70340-02","SP25-MSBR-70340-02"
41,25,"SP25-MSBR-70340-02","SP25-MSBR-70340-02"
41,67,"SP25-MSBR-70340-02","SP25-MSBR-70340-02"
41,30,"SP25-MSBR-70340-02","SP25-MSBR-70340-02"
41,69,"SP25-MSBR-70340-02","SP25-MSBR-70340-02"
42,51,"SP25-MSBR-70340-02","SP25-MSBR-70340-01"
42,6,"SP25-MSBR-70340-02","SP25-MSBR-70340-01"
42,47,"SP25-MSBR-70340-02","SP25-MSBR-70340-01"
42,63,"SP25-MSBR-70340-02","SP25-MSBR-70340-01"
42,12,"SP25-MSBR-70340-02","SP25-MSBR-70340-01"
42,14,"SP25-MSBR-70340-02","SP25-MSBR-70340-01"
42,15,"SP25-MSBR-70340-02","SP25-MSBR-70340-01"
42,45,"SP25-MSBR-70340-02","SP25-MSBR-70340-02"
42,29,"SP25-MSBR-70340-02","SP25-MSBR-70340-01"
42,19,"SP25-MSBR-70340-02","SP25-MSBR-70340-01"
42,21,"SP25-MSBR-70340-02","SP25-MSBR-70340-02"
42,26,"SP25-MSBR-70340-02","SP25-MSBR-70340-01"
42,2,"SP25-MSBR-70340-02","SP25-MSBR-70340-02"
42,28,"SP25-MSBR-70340-02","SP25-MSBR-70340-02"
42,49,"SP25-MSBR-70340-02","SP25-MSBR-70340-01"
42,3,"SP25-MSBR-70340-02","SP25-MSBR-70340-02"
42,66,"SP25-MSBR-70340-02","SP25-MSBR-70340-01"
42,22,"SP25-MSBR-70340-02","SP25-MSBR-70340-02"
42,42,"SP25-MSBR-70340-02","SP25-MSBR-70340-02"
42,60,"SP25-MSBR-70340-02","SP25-MSBR-70340-02"
42,39,"SP25-MSBR-70340-02","SP25-MSBR-70340-02"
42,53,"SP25-MSBR-70340-02","SP25-MSBR-70340-02"
42,61,"SP25-MSBR-70340-02","SP25-MSBR-70340-02"
42,56,"SP25-MSBR-70340-02","SP25-MSBR-70340-02"
42,32,"SP25-MSBR-70340-02","SP25-MSBR-70340-02"
42,10,"SP25-MSBR-70340-02","SP25-MSBR-70340-01"
42,7,"SP25-MSBR-70340-02","SP25-MSBR-70340-02"
42,33,"SP25-MSBR-70340-02","SP25-MSBR-70340-02"
42,1,"SP25-MSBR-70340-02","SP25-MSBR-70340-02"
42,34,"SP25-MSBR-70340-02","SP25-MSBR-70340-02"
42,59,"SP25-MSBR-70340-02","SP25-MSBR-70340-02"
42,31,"SP25-MSBR-70340-02","SP25-MSBR-70340-01"
42,67,"SP25-MSBR-70340-02","SP25-MSBR-70340-02"
42,20,"SP25-MSBR-70340-02","SP25-MSBR-70340-02"
42,30,"SP25-MSBR-70340-02","SP25-MSBR-70340-02"
42,69,"SP25-MSBR-70340-02","SP25-MSBR-70340-02"
42,62,"SP25-MSBR-70340-02","SP25-MSBR-70340-02"
42,51,"SP25-MSBR-70340-02","SP25-MSBR-70340-01"
42,6,"SP25-MSBR-70340-02","SP25-MSBR-70340-01"
42,47,"SP25-MSBR-70340-02","SP25-MSBR-70340-01"
42,63,"SP25-MSBR-70340-02","SP25-MSBR-70340-01"
42,12,"SP25-MSBR-70340-02","SP25-MSBR-70340-01"
42,14,"SP25-MSBR-70340-02","SP25-MSBR-70340-01"
42,15,"SP25-MSBR-70340-02","SP25-MSBR-70340-01"
42,45,"SP25-MSBR-70340-02","SP25-MSBR-70340-02"
42,29,"SP25-MSBR-70340-02","SP25-MSBR-70340-01"
42,21,"SP25-MSBR-70340-02","SP25-MSBR-70340-02"
42,26,"SP25-MSBR-70340-02","SP25-MSBR-70340-01"
42,2,"SP25-MSBR-70340-02","SP25-MSBR-70340-02"
42,28,"SP25-MSBR-70340-02","SP25-MSBR-70340-02"
42,49,"SP25-MSBR-70340-02","SP25-MSBR-70340-01"
42,3,"SP25-MSBR-70340-02","SP25-MSBR-70340-02"
42,66,"SP25-MSBR-70340-02","SP25-MSBR-70340-01"
42,22,"SP25-MSBR-70340-02","SP25-MSBR-70340-02"
42,42,"SP25-MSBR-70340-02","SP25-MSBR-70340-02"
42,60,"SP25-MSBR-70340-02","SP25-MSBR-70340-02"
42,39,"SP25-MSBR-70340-02","SP25-MSBR-70340-02"
42,53,"SP25-MSBR-70340-02","SP25-MSBR-70340-02"
42,56,"SP25-MSBR-70340-02","SP25-MSBR-70340-02"
42,32,"SP25-MSBR-70340-02","SP25-MSBR-70340-02"
42,10,"SP25-MSBR-70340-02","SP25-MSBR-70340-01"
42,7,"SP25-MSBR-70340-02","SP25-MSBR-70340-02"
42,33,"SP25-MSBR-70340-02","SP25-MSBR-70340-02"
42,1,"SP25-MSBR-70340-02","SP25-MSBR-70340-02"
42,34,"SP25-MSBR-70340-02","SP25-MSBR-70340-02"
42,59,"SP25-MSBR-70340-02","SP25-MSBR-70340-02"
42,31,"SP25-MSBR-70340-02","SP25-MSBR-70340-01"
42,67,"SP25-MSBR-70340-02","SP25-MSBR-70340-02"
42,20,"SP25-MSBR-70340-02","SP25-MSBR-70340-02"
42,30,"SP25-MSBR-70340-02","SP25-MSBR-70340-02"
42,69,"SP25-MSBR-70340-02","SP25-MSBR-70340-02"
42,62,"SP25-MSBR-70340-02","SP25-MSBR-70340-02"
43,9,"SP25-MSBR-70340-01","SP25-MSBR-70340-01"
43,24,"SP25-MSBR-70340-01","SP25-MSBR-70340-01"
43,64,"SP25-MSBR-70340-01","SP25-MSBR-70340-01"
43,40,"SP25-MSBR-70340-01","SP25-MSBR-70340-01"
43,58,"SP25-MSBR-70340-01","SP25-MSBR-70340-01"
43,49,"SP25-MSBR-70340-01","SP25-MSBR-70340-01"
43,54,"SP25-MSBR-70340-01","SP25-MSBR-70340-01"
43,52,"SP25-MSBR-70340-01","SP25-MSBR-70340-02"
43,27,"SP25-MSBR-70340-01","SP25-MSBR-70340-01"
43,48,"SP25-MSBR-70340-01","SP25-MSBR-70340-01"
44,5,"SP25-MSBR-70340-01","SP25-MSBR-70340-01"
44,51,"SP25-MSBR-70340-01","SP25-MSBR-70340-01"
44,6,"SP25-MSBR-70340-01","SP25-MSBR-70340-01"
44,47,"SP25-MSBR-70340-01","SP25-MSBR-70340-01"
44,12,"SP25-MSBR-70340-01","SP25-MSBR-70340-01"
44,14,"SP25-MSBR-70340-01","SP25-MSBR-70340-01"
44,26,"SP25-MSBR-70340-01","SP25-MSBR-70340-01"
44,66,"SP25-MSBR-70340-01","SP25-MSBR-70340-01"
44,41,"SP25-MSBR-70340-01","SP25-MSBR-70340-02"
44,55,"SP25-MSBR-70340-01","SP25-MSBR-70340-02"
44,52,"SP25-MSBR-70340-01","SP25-MSBR-70340-02"
44,56,"SP25-MSBR-70340-01","SP25-MSBR-70340-02"
44,10,"SP25-MSBR-70340-01","SP25-MSBR-70340-01"
44,4,"SP25-MSBR-70340-01","SP25-MSBR-70340-01"
44,59,"SP25-MSBR-70340-01","SP25-MSBR-70340-02"
44,67,"SP25-MSBR-70340-01","SP25-MSBR-70340-02"
44,30,"SP25-MSBR-70340-01","SP25-MSBR-70340-02"
44,69,"SP25-MSBR-70340-01","SP25-MSBR-70340-02"
45,45,"SP25-MSBR-70340-02","SP25-MSBR-70340-02"
45,29,"SP25-MSBR-70340-02","SP25-MSBR-70340-01"
45,21,"SP25-MSBR-70340-02","SP25-MSBR-70340-02"
45,2,"SP25-MSBR-70340-02","SP25-MSBR-70340-02"
45,3,"SP25-MSBR-70340-02","SP25-MSBR-70340-02"
45,68,"SP25-MSBR-70340-02","SP25-MSBR-70340-01"
45,42,"SP25-MSBR-70340-02","SP25-MSBR-70340-02"
45,54,"SP25-MSBR-70340-02","SP25-MSBR-70340-01"
45,60,"SP25-MSBR-70340-02","SP25-MSBR-70340-02"
45,39,"SP25-MSBR-70340-02","SP25-MSBR-70340-02"
45,61,"SP25-MSBR-70340-02","SP25-MSBR-70340-02"
45,32,"SP25-MSBR-70340-02","SP25-MSBR-70340-02"
45,7,"SP25-MSBR-70340-02","SP25-MSBR-70340-02"
45,36,"SP25-MSBR-70340-02","SP25-MSBR-70340-01"
45,20,"SP25-MSBR-70340-02","SP25-MSBR-70340-02"
45,62,"SP25-MSBR-70340-02","SP25-MSBR-70340-02"
46,63,"SP25-MSBR-70340-01","SP25-MSBR-70340-01"
46,9,"SP25-MSBR-70340-01","SP25-MSBR-70340-01"
46,24,"SP25-MSBR-70340-01","SP25-MSBR-70340-01"
46,35,"SP25-MSBR-70340-01","SP25-MSBR-70340-01"
46,11,"SP25-MSBR-70340-01","SP25-MSBR-70340-01"
46,57,"SP25-MSBR-70340-01","SP25-MSBR-70340-01"
46,22,"SP25-MSBR-70340-01","SP25-MSBR-70340-02"
46,54,"SP25-MSBR-70340-01","SP25-MSBR-70340-01"
47,5,"SP25-MSBR-70340-01","SP25-MSBR-70340-01"
47,6,"SP25-MSBR-70340-01","SP25-MSBR-70340-01"
47,44,"SP25-MSBR-70340-01","SP25-MSBR-70340-01"
47,14,"SP25-MSBR-70340-01","SP25-MSBR-70340-01"
47,15,"SP25-MSBR-70340-01","SP25-MSBR-70340-01"
47,37,"SP25-MSBR-70340-01","SP25-MSBR-70340-01"
47,40,"SP25-MSBR-70340-01","SP25-MSBR-70340-01"
47,29,"SP25-MSBR-70340-01","SP25-MSBR-70340-01"
47,21,"SP25-MSBR-70340-01","SP25-MSBR-70340-02"
47,26,"SP25-MSBR-70340-01","SP25-MSBR-70340-01"
47,28,"SP25-MSBR-70340-01","SP25-MSBR-70340-02"
47,3,"SP25-MSBR-70340-01","SP25-MSBR-70340-02"
47,66,"SP25-MSBR-70340-01","SP25-MSBR-70340-01"
47,22,"SP25-MSBR-70340-01","SP25-MSBR-70340-02"
47,53,"SP25-MSBR-70340-01","SP25-MSBR-70340-02"
47,52,"SP25-MSBR-70340-01","SP25-MSBR-70340-02"
47,56,"SP25-MSBR-70340-01","SP25-MSBR-70340-02"
47,33,"SP25-MSBR-70340-01","SP25-MSBR-70340-02"
47,1,"SP25-MSBR-70340-01","SP25-MSBR-70340-02"
47,34,"SP25-MSBR-70340-01","SP25-MSBR-70340-02"
47,46,"SP25-MSBR-70340-01","SP25-MSBR-70340-01"
47,4,"SP25-MSBR-70340-01","SP25-MSBR-70340-01"
47,27,"SP25-MSBR-70340-01","SP25-MSBR-70340-01"
47,48,"SP25-MSBR-70340-01","SP25-MSBR-70340-01"
47,25,"SP25-MSBR-70340-01","SP25-MSBR-70340-02"
47,31,"SP25-MSBR-70340-01","SP25-MSBR-70340-01"
47,20,"SP25-MSBR-70340-01","SP25-MSBR-70340-02"
47,62,"SP25-MSBR-70340-01","SP25-MSBR-70340-02"
48,6,"SP25-MSBR-70340-01","SP25-MSBR-70340-01"
48,47,"SP25-MSBR-70340-01","SP25-MSBR-70340-01"
48,63,"SP25-MSBR-70340-01","SP25-MSBR-70340-01"
48,14,"SP25-MSBR-70340-01","SP25-MSBR-70340-01"
48,15,"SP25-MSBR-70340-01","SP25-MSBR-70340-01"
48,8,"SP25-MSBR-70340-01","SP25-MSBR-70340-01"
48,35,"SP25-MSBR-70340-01","SP25-MSBR-70340-01"
48,40,"SP25-MSBR-70340-01","SP25-MSBR-70340-01"
48,26,"SP25-MSBR-70340-01","SP25-MSBR-70340-01"
48,18,"SP25-MSBR-70340-01","SP25-MSBR-70340-01"
48,66,"SP25-MSBR-70340-01","SP25-MSBR-70340-01"
48,68,"SP25-MSBR-70340-01","SP25-MSBR-70340-01"
48,17,"SP25-MSBR-70340-01","SP25-MSBR-70340-01"
48,23,"SP25-MSBR-70340-01","SP25-MSBR-70340-01"
48,4,"SP25-MSBR-70340-01","SP25-MSBR-70340-01"
48,27,"SP25-MSBR-70340-01","SP25-MSBR-70340-01"
48,48,"SP25-MSBR-70340-01","SP25-MSBR-70340-01"
48,36,"SP25-MSBR-70340-01","SP25-MSBR-70340-01"
48,43,"SP25-MSBR-70340-01","SP25-MSBR-70340-01"
48,13,"SP25-MSBR-70340-01","SP25-MSBR-70340-01"
49,5,"SP25-MSBR-70340-01","SP25-MSBR-70340-01"
49,24,"SP25-MSBR-70340-01","SP25-MSBR-70340-01"
49,11,"SP25-MSBR-70340-01","SP25-MSBR-70340-01"
49,12,"SP25-MSBR-70340-01","SP25-MSBR-70340-01"
49,14,"SP25-MSBR-70340-01","SP25-MSBR-70340-01"
49,15,"SP25-MSBR-70340-01","SP25-MSBR-70340-01"
49,37,"SP25-MSBR-70340-01","SP25-MSBR-70340-01"
49,8,"SP25-MSBR-70340-01","SP25-MSBR-70340-01"
49,19,"SP25-MSBR-70340-01","SP25-MSBR-70340-01"
49,21,"SP25-MSBR-70340-01","SP25-MSBR-70340-02"
49,49,"SP25-MSBR-70340-01","SP25-MSBR-70340-01"
49,68,"SP25-MSBR-70340-01","SP25-MSBR-70340-01"
49,50,"SP25-MSBR-70340-01","SP25-MSBR-70340-01"
49,38,"SP25-MSBR-70340-01","SP25-MSBR-70340-01"
49,17,"SP25-MSBR-70340-01","SP25-MSBR-70340-01"
49,23,"SP25-MSBR-70340-01","SP25-MSBR-70340-01"
49,46,"SP25-MSBR-70340-01","SP25-MSBR-70340-01"
49,43,"SP25-MSBR-70340-01","SP25-MSBR-70340-01"
49,25,"SP25-MSBR-70340-01","SP25-MSBR-70340-02"
49,20,"SP25-MSBR-70340-01","SP25-MSBR-70340-02"
50,11,"SP25-MSBR-70340-01","SP25-MSBR-70340-01"
50,37,"SP25-MSBR-70340-01","SP25-MSBR-70340-01"
50,8,"SP25-MSBR-70340-01","SP25-MSBR-70340-01"
50,19,"SP25-MSBR-70340-01","SP25-MSBR-70340-01"
50,49,"SP25-MSBR-70340-01","SP25-MSBR-70340-01"
50,50,"SP25-MSBR-70340-01","SP25-MSBR-70340-01"
50,38,"SP25-MSBR-70340-01","SP25-MSBR-70340-01"
50,23,"SP25-MSBR-70340-01","SP25-MSBR-70340-01"
50,20,"SP25-MSBR-70340-01","SP25-MSBR-70340-02"
51,5,"SP25-MSBR-70340-01","SP25-MSBR-70340-01"
51,6,"SP25-MSBR-70340-01","SP25-MSBR-70340-01"
51,24,"SP25-MSBR-70340-01","SP25-MSBR-70340-01"
51,12,"SP25-MSBR-70340-01","SP25-MSBR-70340-01"
51,44,"SP25-MSBR-70340-01","SP25-MSBR-70340-01"
51,29,"SP25-MSBR-70340-01","SP25-MSBR-70340-01"
51,2,"SP25-MSBR-70340-01","SP25-MSBR-70340-02"
51,49,"SP25-MSBR-70340-01","SP25-MSBR-70340-01"
51,42,"SP25-MSBR-70340-01","SP25-MSBR-70340-02"
51,39,"SP25-MSBR-70340-01","SP25-MSBR-70340-02"
51,38,"SP25-MSBR-70340-01","SP25-MSBR-70340-01"
51,32,"SP25-MSBR-70340-01","SP25-MSBR-70340-02"
51,10,"SP25-MSBR-70340-01","SP25-MSBR-70340-01"
51,7,"SP25-MSBR-70340-01","SP25-MSBR-70340-02"
51,34,"SP25-MSBR-70340-01","SP25-MSBR-70340-02"
51,59,"SP25-MSBR-70340-01","SP25-MSBR-70340-02"
51,30,"SP25-MSBR-70340-01","SP25-MSBR-70340-02"
52,14,"SP25-MSBR-70340-02","SP25-MSBR-70340-01"
52,64,"SP25-MSBR-70340-02","SP25-MSBR-70340-01"
52,15,"SP25-MSBR-70340-02","SP25-MSBR-70340-01"
52,65,"SP25-MSBR-70340-02","SP25-MSBR-70340-02"
52,21,"SP25-MSBR-70340-02","SP25-MSBR-70340-02"
52,26,"SP25-MSBR-70340-02","SP25-MSBR-70340-01"
52,68,"SP25-MSBR-70340-02","SP25-MSBR-70340-01"
52,22,"SP25-MSBR-70340-02","SP25-MSBR-70340-02"
52,41,"SP25-MSBR-70340-02","SP25-MSBR-70340-02"
52,61,"SP25-MSBR-70340-02","SP25-MSBR-70340-02"
52,56,"SP25-MSBR-70340-02","SP25-MSBR-70340-02"
52,1,"SP25-MSBR-70340-02","SP25-MSBR-70340-02"
52,4,"SP25-MSBR-70340-02","SP25-MSBR-70340-01"
52,43,"SP25-MSBR-70340-02","SP25-MSBR-70340-01"
52,25,"SP25-MSBR-70340-02","SP25-MSBR-70340-02"
52,67,"SP25-MSBR-70340-02","SP25-MSBR-70340-02"
52,20,"SP25-MSBR-70340-02","SP25-MSBR-70340-02"
53,6,"SP25-MSBR-70340-02","SP25-MSBR-70340-01"
53,47,"SP25-MSBR-70340-02","SP25-MSBR-70340-01"
53,14,"SP25-MSBR-70340-02","SP25-MSBR-70340-01"
53,65,"SP25-MSBR-70340-02","SP25-MSBR-70340-02"
53,29,"SP25-MSBR-70340-02","SP25-MSBR-70340-01"
53,26,"SP25-MSBR-70340-02","SP25-MSBR-70340-01"
53,28,"SP25-MSBR-70340-02","SP25-MSBR-70340-02"
53,22,"SP25-MSBR-70340-02","SP25-MSBR-70340-02"
53,41,"SP25-MSBR-70340-02","SP25-MSBR-70340-02"
53,60,"SP25-MSBR-70340-02","SP25-MSBR-70340-02"
53,56,"SP25-MSBR-70340-02","SP25-MSBR-70340-02"
53,32,"SP25-MSBR-70340-02","SP25-MSBR-70340-02"
53,33,"SP25-MSBR-70340-02","SP25-MSBR-70340-02"
53,1,"SP25-MSBR-70340-02","SP25-MSBR-70340-02"
53,34,"SP25-MSBR-70340-02","SP25-MSBR-70340-02"
53,4,"SP25-MSBR-70340-02","SP25-MSBR-70340-01"
53,25,"SP25-MSBR-70340-02","SP25-MSBR-70340-02"
53,31,"SP25-MSBR-70340-02","SP25-MSBR-70340-01"
53,20,"SP25-MSBR-70340-02","SP25-MSBR-70340-02"
54,9,"SP25-MSBR-70340-01","SP25-MSBR-70340-01"
54,24,"SP25-MSBR-70340-01","SP25-MSBR-70340-01"
54,64,"SP25-MSBR-70340-01","SP25-MSBR-70340-01"
54,15,"SP25-MSBR-70340-01","SP25-MSBR-70340-01"
54,57,"SP25-MSBR-70340-01","SP25-MSBR-70340-01"
54,58,"SP25-MSBR-70340-01","SP25-MSBR-70340-01"
54,21,"SP25-MSBR-70340-01","SP25-MSBR-70340-02"
54,16,"SP25-MSBR-70340-01","SP25-MSBR-70340-02"
54,49,"SP25-MSBR-70340-01","SP25-MSBR-70340-01"
54,61,"SP25-MSBR-70340-01","SP25-MSBR-70340-02"
54,46,"SP25-MSBR-70340-01","SP25-MSBR-70340-01"
54,43,"SP25-MSBR-70340-01","SP25-MSBR-70340-01"
54,25,"SP25-MSBR-70340-01","SP25-MSBR-70340-02"
54,20,"SP25-MSBR-70340-01","SP25-MSBR-70340-02"
55,12,"SP25-MSBR-70340-02","SP25-MSBR-70340-01"
55,44,"SP25-MSBR-70340-02","SP25-MSBR-70340-01"
55,57,"SP25-MSBR-70340-02","SP25-MSBR-70340-01"
55,65,"SP25-MSBR-70340-02","SP25-MSBR-70340-02"
55,29,"SP25-MSBR-70340-02","SP25-MSBR-70340-01"
55,2,"SP25-MSBR-70340-02","SP25-MSBR-70340-02"
55,28,"SP25-MSBR-70340-02","SP25-MSBR-70340-02"
55,16,"SP25-MSBR-70340-02","SP25-MSBR-70340-02"
55,22,"SP25-MSBR-70340-02","SP25-MSBR-70340-02"
55,41,"SP25-MSBR-70340-02","SP25-MSBR-70340-02"
55,42,"SP25-MSBR-70340-02","SP25-MSBR-70340-02"
55,55,"SP25-MSBR-70340-02","SP25-MSBR-70340-02"
55,53,"SP25-MSBR-70340-02","SP25-MSBR-70340-02"
55,61,"SP25-MSBR-70340-02","SP25-MSBR-70340-02"
55,32,"SP25-MSBR-70340-02","SP25-MSBR-70340-02"
55,34,"SP25-MSBR-70340-02","SP25-MSBR-70340-02"
55,46,"SP25-MSBR-70340-02","SP25-MSBR-70340-01"
55,59,"SP25-MSBR-70340-02","SP25-MSBR-70340-02"
55,67,"SP25-MSBR-70340-02","SP25-MSBR-70340-02"
55,20,"SP25-MSBR-70340-02","SP25-MSBR-70340-02"
55,30,"SP25-MSBR-70340-02","SP25-MSBR-70340-02"
55,69,"SP25-MSBR-70340-02","SP25-MSBR-70340-02"
55,12,"SP25-MSBR-70340-02","SP25-MSBR-70340-01"
55,44,"SP25-MSBR-70340-02","SP25-MSBR-70340-01"
55,15,"SP25-MSBR-70340-02","SP25-MSBR-70340-01"
55,57,"SP25-MSBR-70340-02","SP25-MSBR-70340-01"
55,65,"SP25-MSBR-70340-02","SP25-MSBR-70340-02"
55,8,"SP25-MSBR-70340-02","SP25-MSBR-70340-01"
55,13,"SP25-MSBR-70340-02","SP25-MSBR-70340-01"
55,29,"SP25-MSBR-70340-02","SP25-MSBR-70340-01"
55,2,"SP25-MSBR-70340-02","SP25-MSBR-70340-02"
55,28,"SP25-MSBR-70340-02","SP25-MSBR-70340-02"
55,16,"SP25-MSBR-70340-02","SP25-MSBR-70340-02"
55,66,"SP25-MSBR-70340-02","SP25-MSBR-70340-01"
55,22,"SP25-MSBR-70340-02","SP25-MSBR-70340-02"
55,41,"SP25-MSBR-70340-02","SP25-MSBR-70340-02"
55,42,"SP25-MSBR-70340-02","SP25-MSBR-70340-02"
55,55,"SP25-MSBR-70340-02","SP25-MSBR-70340-02"
55,39,"SP25-MSBR-70340-02","SP25-MSBR-70340-02"
55,53,"SP25-MSBR-70340-02","SP25-MSBR-70340-02"
55,61,"SP25-MSBR-70340-02","SP25-MSBR-70340-02"
55,32,"SP25-MSBR-70340-02","SP25-MSBR-70340-02"
55,34,"SP25-MSBR-70340-02","SP25-MSBR-70340-02"
55,46,"SP25-MSBR-70340-02","SP25-MSBR-70340-01"
55,59,"SP25-MSBR-70340-02","SP25-MSBR-70340-02"
55,67,"SP25-MSBR-70340-02","SP25-MSBR-70340-02"
55,20,"SP25-MSBR-70340-02","SP25-MSBR-70340-02"
55,30,"SP25-MSBR-70340-02","SP25-MSBR-70340-02"
55,69,"SP25-MSBR-70340-02","SP25-MSBR-70340-02"
56,6,"SP25-MSBR-70340-02","SP25-MSBR-70340-01"
56,47,"SP25-MSBR-70340-02","SP25-MSBR-70340-01"
56,40,"SP25-MSBR-70340-02","SP25-MSBR-70340-01"
56,29,"SP25-MSBR-70340-02","SP25-MSBR-70340-01"
56,26,"SP25-MSBR-70340-02","SP25-MSBR-70340-01"
56,28,"SP25-MSBR-70340-02","SP25-MSBR-70340-02"
56,3,"SP25-MSBR-70340-02","SP25-MSBR-70340-02"
56,22,"SP25-MSBR-70340-02","SP25-MSBR-70340-02"
56,41,"SP25-MSBR-70340-02","SP25-MSBR-70340-02"
56,42,"SP25-MSBR-70340-02","SP25-MSBR-70340-02"
56,60,"SP25-MSBR-70340-02","SP25-MSBR-70340-02"
56,39,"SP25-MSBR-70340-02","SP25-MSBR-70340-02"
56,53,"SP25-MSBR-70340-02","SP25-MSBR-70340-02"
56,61,"SP25-MSBR-70340-02","SP25-MSBR-70340-02"
56,52,"SP25-MSBR-70340-02","SP25-MSBR-70340-02"
56,56,"SP25-MSBR-70340-02","SP25-MSBR-70340-02"
56,32,"SP25-MSBR-70340-02","SP25-MSBR-70340-02"
56,10,"SP25-MSBR-70340-02","SP25-MSBR-70340-01"
56,7,"SP25-MSBR-70340-02","SP25-MSBR-70340-02"
56,33,"SP25-MSBR-70340-02","SP25-MSBR-70340-02"
56,1,"SP25-MSBR-70340-02","SP25-MSBR-70340-02"
56,34,"SP25-MSBR-70340-02","SP25-MSBR-70340-02"
56,4,"SP25-MSBR-70340-02","SP25-MSBR-70340-01"
56,27,"SP25-MSBR-70340-02","SP25-MSBR-70340-01"
56,48,"SP25-MSBR-70340-02","SP25-MSBR-70340-01"
56,59,"SP25-MSBR-70340-02","SP25-MSBR-70340-02"
56,25,"SP25-MSBR-70340-02","SP25-MSBR-70340-02"
56,31,"SP25-MSBR-70340-02","SP25-MSBR-70340-01"
56,67,"SP25-MSBR-70340-02","SP25-MSBR-70340-02"
56,20,"SP25-MSBR-70340-02","SP25-MSBR-70340-02"
56,62,"SP25-MSBR-70340-02","SP25-MSBR-70340-02"
57,9,"SP25-MSBR-70340-01","SP25-MSBR-70340-01"
57,24,"SP25-MSBR-70340-01","SP25-MSBR-70340-01"
57,35,"SP25-MSBR-70340-01","SP25-MSBR-70340-01"
57,13,"SP25-MSBR-70340-01","SP25-MSBR-70340-01"
57,58,"SP25-MSBR-70340-01","SP25-MSBR-70340-01"
57,19,"SP25-MSBR-70340-01","SP25-MSBR-70340-01"
57,50,"SP25-MSBR-70340-01","SP25-MSBR-70340-01"
57,41,"SP25-MSBR-70340-01","SP25-MSBR-70340-02"
57,54,"SP25-MSBR-70340-01","SP25-MSBR-70340-01"
57,61,"SP25-MSBR-70340-01","SP25-MSBR-70340-02"
57,46,"SP25-MSBR-70340-01","SP25-MSBR-70340-01"
57,27,"SP25-MSBR-70340-01","SP25-MSBR-70340-01"
58,9,"SP25-MSBR-70340-01","SP25-MSBR-70340-01"
58,24,"SP25-MSBR-70340-01","SP25-MSBR-70340-01"
58,64,"SP25-MSBR-70340-01","SP25-MSBR-70340-01"
58,57,"SP25-MSBR-70340-01","SP25-MSBR-70340-01"
58,40,"SP25-MSBR-70340-01","SP25-MSBR-70340-01"
58,21,"SP25-MSBR-70340-01","SP25-MSBR-70340-02"
58,54,"SP25-MSBR-70340-01","SP25-MSBR-70340-01"
58,46,"SP25-MSBR-70340-01","SP25-MSBR-70340-01"
58,27,"SP25-MSBR-70340-01","SP25-MSBR-70340-01"
58,43,"SP25-MSBR-70340-01","SP25-MSBR-70340-01"
59,67,"SP25-MSBR-70340-02","SP25-MSBR-70340-02"
59,30,"SP25-MSBR-70340-02","SP25-MSBR-70340-02"
59,69,"SP25-MSBR-70340-02","SP25-MSBR-70340-02"
60,37,"SP25-MSBR-70340-02","SP25-MSBR-70340-01"
60,45,"SP25-MSBR-70340-02","SP25-MSBR-70340-02"
60,2,"SP25-MSBR-70340-02","SP25-MSBR-70340-02"
60,41,"SP25-MSBR-70340-02","SP25-MSBR-70340-02"
60,42,"SP25-MSBR-70340-02","SP25-MSBR-70340-02"
60,53,"SP25-MSBR-70340-02","SP25-MSBR-70340-02"
60,62,"SP25-MSBR-70340-02","SP25-MSBR-70340-02"
61,5,"SP25-MSBR-70340-02","SP25-MSBR-70340-01"
61,6,"SP25-MSBR-70340-02","SP25-MSBR-70340-01"
61,63,"SP25-MSBR-70340-02","SP25-MSBR-70340-01"
61,9,"SP25-MSBR-70340-02","SP25-MSBR-70340-01"
61,24,"SP25-MSBR-70340-02","SP25-MSBR-70340-01"
61,11,"SP25-MSBR-70340-02","SP25-MSBR-70340-01"
61,12,"SP25-MSBR-70340-02","SP25-MSBR-70340-01"
61,14,"SP25-MSBR-70340-02","SP25-MSBR-70340-01"
61,57,"SP25-MSBR-70340-02","SP25-MSBR-70340-01"
61,45,"SP25-MSBR-70340-02","SP25-MSBR-70340-02"
61,29,"SP25-MSBR-70340-02","SP25-MSBR-70340-01"
61,21,"SP25-MSBR-70340-02","SP25-MSBR-70340-02"
61,2,"SP25-MSBR-70340-02","SP25-MSBR-70340-02"
61,28,"SP25-MSBR-70340-02","SP25-MSBR-70340-02"
61,3,"SP25-MSBR-70340-02","SP25-MSBR-70340-02"
61,41,"SP25-MSBR-70340-02","SP25-MSBR-70340-02"
61,42,"SP25-MSBR-70340-02","SP25-MSBR-70340-02"
61,60,"SP25-MSBR-70340-02","SP25-MSBR-70340-02"
61,39,"SP25-MSBR-70340-02","SP25-MSBR-70340-02"
61,52,"SP25-MSBR-70340-02","SP25-MSBR-70340-02"
61,32,"SP25-MSBR-70340-02","SP25-MSBR-70340-02"
61,7,"SP25-MSBR-70340-02","SP25-MSBR-70340-02"
61,4,"SP25-MSBR-70340-02","SP25-MSBR-70340-01"
61,20,"SP25-MSBR-70340-02","SP25-MSBR-70340-02"
61,62,"SP25-MSBR-70340-02","SP25-MSBR-70340-02"
62,6,"SP25-MSBR-70340-02","SP25-MSBR-70340-01"
62,47,"SP25-MSBR-70340-02","SP25-MSBR-70340-01"
62,35,"SP25-MSBR-70340-02","SP25-MSBR-70340-01"
62,45,"SP25-MSBR-70340-02","SP25-MSBR-70340-02"
62,29,"SP25-MSBR-70340-02","SP25-MSBR-70340-01"
62,21,"SP25-MSBR-70340-02","SP25-MSBR-70340-02"
62,2,"SP25-MSBR-70340-02","SP25-MSBR-70340-02"
62,3,"SP25-MSBR-70340-02","SP25-MSBR-70340-02"
62,42,"SP25-MSBR-70340-02","SP25-MSBR-70340-02"
62,60,"SP25-MSBR-70340-02","SP25-MSBR-70340-02"
62,61,"SP25-MSBR-70340-02","SP25-MSBR-70340-02"
62,32,"SP25-MSBR-70340-02","SP25-MSBR-70340-02"
62,7,"SP25-MSBR-70340-02","SP25-MSBR-70340-02"
62,33,"SP25-MSBR-70340-02","SP25-MSBR-70340-02"
62,6,"SP25-MSBR-70340-02","SP25-MSBR-70340-01"
62,47,"SP25-MSBR-70340-02","SP25-MSBR-70340-01"
62,35,"SP25-MSBR-70340-02","SP25-MSBR-70340-01"
62,45,"SP25-MSBR-70340-02","SP25-MSBR-70340-02"
62,29,"SP25-MSBR-70340-02","SP25-MSBR-70340-01"
62,21,"SP25-MSBR-70340-02","SP25-MSBR-70340-02"
62,2,"SP25-MSBR-70340-02","SP25-MSBR-70340-02"
62,3,"SP25-MSBR-70340-02","SP25-MSBR-70340-02"
62,42,"SP25-MSBR-70340-02","SP25-MSBR-70340-02"
62,60,"SP25-MSBR-70340-02","SP25-MSBR-70340-02"
62,61,"SP25-MSBR-70340-02","SP25-MSBR-70340-02"
62,32,"SP25-MSBR-70340-02","SP25-MSBR-70340-02"
62,7,"SP25-MSBR-70340-02","SP25-MSBR-70340-02"
62,33,"SP25-MSBR-70340-02","SP25-MSBR-70340-02"
63,35,"SP25-MSBR-70340-01","SP25-MSBR-70340-01"
63,13,"SP25-MSBR-70340-01","SP25-MSBR-70340-01"
63,18,"SP25-MSBR-70340-01","SP25-MSBR-70340-01"
63,48,"SP25-MSBR-70340-01","SP25-MSBR-70340-01"
64,12,"SP25-MSBR-70340-01","SP25-MSBR-70340-01"
64,13,"SP25-MSBR-70340-01","SP25-MSBR-70340-01"
64,40,"SP25-MSBR-70340-01","SP25-MSBR-70340-01"
64,58,"SP25-MSBR-70340-01","SP25-MSBR-70340-01"
64,16,"SP25-MSBR-70340-01","SP25-MSBR-70340-02"
64,54,"SP25-MSBR-70340-01","SP25-MSBR-70340-01"
64,52,"SP25-MSBR-70340-01","SP25-MSBR-70340-02"
64,32,"SP25-MSBR-70340-01","SP25-MSBR-70340-02"
64,4,"SP25-MSBR-70340-01","SP25-MSBR-70340-01"
64,27,"SP25-MSBR-70340-01","SP25-MSBR-70340-01"
64,48,"SP25-MSBR-70340-01","SP25-MSBR-70340-01"
64,43,"SP25-MSBR-70340-01","SP25-MSBR-70340-01"
64,20,"SP25-MSBR-70340-01","SP25-MSBR-70340-02"
64,12,"SP25-MSBR-70340-01","SP25-MSBR-70340-01"
64,13,"SP25-MSBR-70340-01","SP25-MSBR-70340-01"
64,40,"SP25-MSBR-70340-01","SP25-MSBR-70340-01"
64,58,"SP25-MSBR-70340-01","SP25-MSBR-70340-01"
64,16,"SP25-MSBR-70340-01","SP25-MSBR-70340-02"
64,49,"SP25-MSBR-70340-01","SP25-MSBR-70340-01"
64,18,"SP25-MSBR-70340-01","SP25-MSBR-70340-01"
64,54,"SP25-MSBR-70340-01","SP25-MSBR-70340-01"
64,53,"SP25-MSBR-70340-01","SP25-MSBR-70340-02"
64,52,"SP25-MSBR-70340-01","SP25-MSBR-70340-02"
64,32,"SP25-MSBR-70340-01","SP25-MSBR-70340-02"
64,4,"SP25-MSBR-70340-01","SP25-MSBR-70340-01"
64,27,"SP25-MSBR-70340-01","SP25-MSBR-70340-01"
64,48,"SP25-MSBR-70340-01","SP25-MSBR-70340-01"
64,43,"SP25-MSBR-70340-01","SP25-MSBR-70340-01"
65,21,"SP25-MSBR-70340-02","SP25-MSBR-70340-02"
65,52,"SP25-MSBR-70340-02","SP25-MSBR-70340-02"
65,25,"SP25-MSBR-70340-02","SP25-MSBR-70340-02"
65,20,"SP25-MSBR-70340-02","SP25-MSBR-70340-02"
66,6,"SP25-MSBR-70340-01","SP25-MSBR-70340-01"
66,47,"SP25-MSBR-70340-01","SP25-MSBR-70340-01"
66,44,"SP25-MSBR-70340-01","SP25-MSBR-70340-01"
66,14,"SP25-MSBR-70340-01","SP25-MSBR-70340-01"
66,26,"SP25-MSBR-70340-01","SP25-MSBR-70340-01"
66,4,"SP25-MSBR-70340-01","SP25-MSBR-70340-01"
67,44,"SP25-MSBR-70340-02","SP25-MSBR-70340-01"
67,2,"SP25-MSBR-70340-02","SP25-MSBR-70340-02"
67,41,"SP25-MSBR-70340-02","SP25-MSBR-70340-02"
67,42,"SP25-MSBR-70340-02","SP25-MSBR-70340-02"
67,59,"SP25-MSBR-70340-02","SP25-MSBR-70340-02"
67,30,"SP25-MSBR-70340-02","SP25-MSBR-70340-02"
67,69,"SP25-MSBR-70340-02","SP25-MSBR-70340-02"
68,8,"SP25-MSBR-70340-01","SP25-MSBR-70340-01"
68,38,"SP25-MSBR-70340-01","SP25-MSBR-70340-01"
68,17,"SP25-MSBR-70340-01","SP25-MSBR-70340-01"
68,36,"SP25-MSBR-70340-01","SP25-MSBR-70340-01"
69,41,"SP25-MSBR-70340-02","SP25-MSBR-70340-02"
69,59,"SP25-MSBR-70340-02","SP25-MSBR-70340-02"
69,67,"SP25-MSBR-70340-02","SP25-MSBR-70340-02"
69,30,"SP25-MSBR-70340-02","SP25-MSBR-70340-02"
